{"cameraMode":{"drawMode":0,"name":"Shaded","section":"Shading Mode"},"sceneLighting":false,"audioPlay":false,"sceneViewState":{"showFog":true,"showMaterialUpdate":false,"showSkybox":false,"showFlares":true,"showImageEffects":true,"showParticleSystems":true},"in2DMode":false,"pivot":{"x":5.070000171661377,"y":-0.02000001072883606,"z":12.550000190734864},"rotation":{"x":0.11433719843626023,"y":-0.2331574708223343,"z":0.027616580948233606,"w":0.9652989506721497},"size":3.360485553741455,"orthographic":true}