{"cameraMode":{"drawMode":0,"name":"Shaded","section":"Shading Mode"},"sceneLighting":false,"audioPlay":false,"sceneViewState":{"showFog":true,"showMaterialUpdate":false,"showSkybox":false,"showFlares":true,"showImageEffects":true,"showParticleSystems":true},"in2DMode":false,"pivot":{"x":-0.01702439785003662,"y":0.004049509763717651,"z":-0.02370762825012207},"rotation":{"x":0.11433719843626023,"y":-0.2331574708223343,"z":0.027616580948233606,"w":0.9652989506721497},"size":2.9922068119049074,"orthographic":true}